,species,island,culmen_length_mm,culmen_depth_mm,flipper_length_mm,body_mass_g,sex,source
0,Adelie,Dream,39.5,16.7,178.0,3250.0,FEMALE,real
1,Gentoo,Biscoe,46.9,14.6,222.0,4875.0,FEMALE,real
2,Adelie,Torgersen,42.1,19.1,195.0,4000.0,MALE,real
3,Chinstrap,Dream,49.8,17.3,198.0,3675.0,FEMALE,real
4,Adelie,Biscoe,41.1,18.2,192.0,4050.0,MALE,real
5,Gentoo,Biscoe,44.9,13.8,212.0,4750.0,FEMALE,real
6,Gentoo,Biscoe,50.7,15.0,223.0,5550.0,MALE,real
7,Chinstrap,Dream,49.7,18.6,195.0,3600.0,MALE,real
8,Chinstrap,Dream,49.6,18.2,193.0,3775.0,MALE,real
9,Chinstrap,Dream,51.4,19.0,201.0,3950.0,MALE,real
10,Adelie,Torgersen,42.9,17.6,196.0,4700.0,MALE,real
11,Adelie,Torgersen,34.6,21.1,198.0,4400.0,MALE,real
12,Gentoo,Biscoe,43.3,14.0,208.0,4575.0,FEMALE,real
13,Adelie,Dream,36.8,18.5,193.0,3500.0,FEMALE,real
14,Gentoo,Biscoe,45.1,14.4,210.0,4400.0,FEMALE,real
15,Adelie,Dream,37.0,16.5,185.0,3400.0,FEMALE,real
16,Adelie,Torgersen,36.2,17.2,187.0,3150.0,FEMALE,real
17,Chinstrap,Dream,46.5,17.9,192.0,3500.0,FEMALE,real
18,Adelie,Torgersen,36.7,18.8,187.0,3800.0,FEMALE,real
19,Gentoo,Biscoe,45.7,13.9,214.0,4400.0,FEMALE,real
20,Adelie,Biscoe,42.7,18.3,196.0,4075.0,MALE,real
21,Adelie,Dream,40.7,17.0,190.0,3725.0,MALE,real
22,Gentoo,Biscoe,49.1,15.0,228.0,5500.0,MALE,real
23,Chinstrap,Dream,50.7,19.7,203.0,4050.0,MALE,real
24,Adelie,Torgersen,38.9,17.8,181.0,3625.0,FEMALE,real
25,Adelie,Torgersen,38.6,17.0,188.0,2900.0,FEMALE,real
26,Gentoo,Biscoe,44.9,13.3,213.0,5100.0,FEMALE,real
27,Gentoo,Biscoe,43.5,15.2,213.0,4650.0,FEMALE,real
28,Chinstrap,Dream,58.0,17.8,181.0,3700.0,FEMALE,real
29,Gentoo,Biscoe,49.8,15.9,229.0,5950.0,MALE,real
30,Chinstrap,Dream,43.2,16.6,187.0,2900.0,FEMALE,real
31,Gentoo,Biscoe,52.1,17.0,230.0,5550.0,MALE,real
32,Adelie,Torgersen,41.8,19.4,198.0,4450.0,MALE,real
33,Adelie,Dream,35.7,18.0,202.0,3550.0,FEMALE,real
34,Gentoo,Biscoe,49.8,16.8,230.0,5700.0,MALE,real
35,Gentoo,Biscoe,47.5,14.2,209.0,4600.0,FEMALE,real
36,Chinstrap,Dream,47.6,18.3,195.0,3850.0,FEMALE,real
37,Gentoo,Biscoe,42.7,13.7,208.0,3950.0,FEMALE,real
38,Adelie,Biscoe,35.0,17.9,190.0,3450.0,FEMALE,real
39,Adelie,Torgersen,35.2,15.9,186.0,3050.0,FEMALE,real
40,Adelie,Dream,37.6,19.3,181.0,3300.0,FEMALE,real
41,Adelie,Dream,36.0,17.9,190.0,3450.0,FEMALE,real
42,Chinstrap,Dream,50.5,18.4,200.0,3400.0,FEMALE,real
43,Chinstrap,Dream,47.5,16.8,199.0,3900.0,FEMALE,real
44,Adelie,Torgersen,41.1,18.6,189.0,3325.0,MALE,real
45,Adelie,Torgersen,36.2,16.1,187.0,3550.0,FEMALE,real
46,Gentoo,Biscoe,46.2,14.9,221.0,5300.0,MALE,real
47,Adelie,Biscoe,40.1,18.9,188.0,4300.0,MALE,real
48,Adelie,Biscoe,38.2,20.0,190.0,3900.0,MALE,real
49,Gentoo,Biscoe,48.5,15.0,219.0,4850.0,FEMALE,real
50,Adelie,Biscoe,35.0,17.9,192.0,3725.0,FEMALE,real
51,Gentoo,Biscoe,49.3,15.7,217.0,5850.0,MALE,real
52,Gentoo,Biscoe,45.4,14.6,211.0,4800.0,FEMALE,real
53,Adelie,Biscoe,37.7,18.7,180.0,3600.0,MALE,real
54,Adelie,Biscoe,39.6,20.7,191.0,3900.0,FEMALE,real
55,Gentoo,Biscoe,48.4,16.3,220.0,5400.0,MALE,real
56,Adelie,Torgersen,41.1,17.6,182.0,3200.0,FEMALE,real
57,Adelie,Biscoe,41.3,21.1,195.0,4400.0,MALE,real
58,Chinstrap,Dream,50.0,19.5,196.0,3900.0,MALE,real
59,Chinstrap,Dream,51.0,18.8,203.0,4100.0,MALE,real
60,Gentoo,Biscoe,50.8,17.3,228.0,5600.0,MALE,real
61,Gentoo,Biscoe,46.8,16.1,215.0,5500.0,MALE,real
62,Gentoo,Biscoe,43.5,14.2,220.0,4700.0,FEMALE,real
63,Adelie,Torgersen,36.7,19.3,193.0,3450.0,FEMALE,real
64,Adelie,Torgersen,35.1,19.4,193.0,4200.0,MALE,real
65,Gentoo,Biscoe,51.1,16.5,225.0,5250.0,MALE,real
66,Adelie,Biscoe,35.5,16.2,195.0,3350.0,FEMALE,real
67,Gentoo,Biscoe,40.9,13.7,214.0,4650.0,FEMALE,real
68,Adelie,Dream,37.3,17.8,191.0,3350.0,FEMALE,real
69,Gentoo,Biscoe,50.0,15.9,224.0,5350.0,MALE,real
70,Adelie,Biscoe,35.9,19.2,189.0,3800.0,FEMALE,real
71,Adelie,Biscoe,40.5,18.9,180.0,3950.0,MALE,real
72,Gentoo,Biscoe,44.4,17.3,219.0,5250.0,MALE,real
73,Gentoo,Biscoe,46.2,14.1,217.0,4375.0,FEMALE,real
74,Gentoo,Biscoe,42.9,13.1,215.0,5000.0,FEMALE,real
75,Chinstrap,Dream,54.2,20.8,201.0,4300.0,MALE,real
76,Adelie,Dream,38.3,19.2,189.0,3950.0,MALE,real
77,Adelie,Torgersen,37.3,20.5,199.0,3775.0,MALE,real
78,Adelie,Dream,37.8,18.1,193.0,3750.0,MALE,real
79,Gentoo,Biscoe,47.8,15.0,215.0,5650.0,MALE,real
80,Adelie,Torgersen,40.2,17.0,176.0,3450.0,FEMALE,real
81,Adelie,Dream,39.2,18.6,190.0,4250.0,MALE,real
82,Chinstrap,Dream,40.9,16.6,187.0,3200.0,FEMALE,real
83,Adelie,Dream,38.1,18.6,190.0,3700.0,FEMALE,real
84,Gentoo,Biscoe,55.9,17.0,228.0,5600.0,MALE,real
85,Gentoo,Biscoe,43.6,13.9,217.0,4900.0,FEMALE,real
86,Adelie,Dream,38.8,20.0,190.0,3950.0,MALE,real
87,Gentoo,Biscoe,47.5,14.0,212.0,4875.0,FEMALE,real
88,Chinstrap,Dream,53.5,19.9,205.0,4500.0,MALE,real
89,Chinstrap,Dream,48.5,17.5,191.0,3400.0,MALE,real
90,Gentoo,Biscoe,50.2,14.3,218.0,5700.0,MALE,real
91,Gentoo,Biscoe,50.4,15.7,222.0,5750.0,MALE,real
92,Adelie,Dream,41.5,18.5,201.0,4000.0,MALE,real
93,Adelie,Biscoe,41.6,18.0,192.0,3950.0,MALE,real
94,Adelie,Torgersen,40.6,19.0,199.0,4000.0,MALE,real
95,Adelie,Biscoe,37.8,18.3,174.0,3400.0,FEMALE,real
96,Adelie,Torgersen,39.2,19.6,195.0,4675.0,MALE,real
97,Chinstrap,Dream,55.8,19.8,207.0,4000.0,MALE,real
98,Adelie,Dream,43.2,18.5,192.0,4100.0,MALE,real
99,Adelie,Dream,39.2,21.1,196.0,4150.0,MALE,real
100,Adelie,Biscoe,40.5,17.9,187.0,3200.0,FEMALE,real
101,Gentoo,Biscoe,48.2,15.6,221.0,5100.0,MALE,real
102,Gentoo,Biscoe,47.4,14.6,212.0,4725.0,FEMALE,real
103,Adelie,Biscoe,37.6,17.0,185.0,3600.0,FEMALE,real
104,Chinstrap,Dream,52.8,20.0,205.0,4550.0,MALE,real
105,Adelie,Torgersen,36.6,17.8,185.0,3700.0,FEMALE,real
106,Gentoo,Biscoe,49.0,16.1,216.0,5550.0,MALE,real
107,Gentoo,Biscoe,48.4,14.6,213.0,5850.0,MALE,real
108,Adelie,Dream,36.9,18.6,189.0,3500.0,FEMALE,real
109,Chinstrap,Dream,51.3,18.2,197.0,3750.0,MALE,real
110,Adelie,Dream,37.0,16.9,185.0,3000.0,FEMALE,real
111,Gentoo,Biscoe,48.4,14.4,203.0,4625.0,FEMALE,real
112,Adelie,Biscoe,38.1,16.5,198.0,3825.0,FEMALE,real
113,Chinstrap,Dream,51.3,19.9,198.0,3700.0,MALE,real
114,Chinstrap,Dream,49.0,19.6,212.0,4300.0,MALE,real
115,Chinstrap,Dream,47.0,17.3,185.0,3700.0,FEMALE,real
116,Adelie,Torgersen,38.5,17.9,190.0,3325.0,FEMALE,real
117,Gentoo,Biscoe,45.8,14.6,210.0,4200.0,FEMALE,real
118,Adelie,Torgersen,39.6,17.2,196.0,3550.0,FEMALE,real
119,Chinstrap,Dream,43.5,18.1,202.0,3400.0,FEMALE,real
120,Adelie,Biscoe,38.2,18.1,185.0,3950.0,MALE,real
121,Chinstrap,Dream,48.1,16.4,199.0,3325.0,FEMALE,real
122,Gentoo,Biscoe,46.5,14.4,217.0,4900.0,FEMALE,real
123,Adelie,Dream,39.0,18.7,185.0,3650.0,MALE,real
124,Adelie,Biscoe,38.8,17.2,180.0,3800.0,MALE,real
125,Gentoo,Biscoe,47.2,13.7,214.0,4925.0,FEMALE,real
126,Adelie,Dream,33.1,16.1,178.0,2900.0,FEMALE,real
127,Adelie,Dream,41.3,20.3,194.0,3550.0,MALE,real
128,Adelie,Torgersen,42.8,18.5,195.0,4250.0,MALE,real
129,Chinstrap,Dream,45.7,17.0,195.0,3650.0,FEMALE,real
130,Adelie,Biscoe,37.7,16.0,183.0,3075.0,FEMALE,real
131,Adelie,Biscoe,37.8,20.0,190.0,4250.0,MALE,real
132,Chinstrap,Dream,45.7,17.3,193.0,3600.0,FEMALE,real
133,Adelie,Torgersen,35.5,17.5,190.0,3700.0,FEMALE,real
134,Adelie,Biscoe,37.9,18.6,172.0,3150.0,FEMALE,real
135,Adelie,Dream,36.0,18.5,186.0,3100.0,FEMALE,real
136,Gentoo,Biscoe,59.6,17.0,230.0,6050.0,MALE,real
137,Adelie,Torgersen,45.8,18.9,197.0,4150.0,MALE,real
138,Gentoo,Biscoe,50.1,15.0,225.0,5000.0,MALE,real
139,Adelie,Dream,36.0,17.1,187.0,3700.0,FEMALE,real
140,Adelie,Torgersen,43.1,19.2,197.0,3500.0,MALE,real
141,Gentoo,Biscoe,46.7,15.3,219.0,5200.0,MALE,real
142,Adelie,Dream,34.0,17.1,185.0,3400.0,FEMALE,real
143,Gentoo,Biscoe,47.7,15.0,216.0,4750.0,FEMALE,real
144,Chinstrap,Dream,46.1,18.2,178.0,3250.0,FEMALE,real
145,Gentoo,Biscoe,46.4,15.6,221.0,5000.0,MALE,real
146,Chinstrap,Dream,51.3,19.2,193.0,3650.0,MALE,real
147,Gentoo,Biscoe,45.2,16.4,223.0,5950.0,MALE,real
148,Gentoo,Biscoe,46.1,15.1,215.0,5100.0,MALE,real
149,Gentoo,Biscoe,43.3,13.4,209.0,4400.0,FEMALE,real
150,Chinstrap,Dream,51.7,20.3,194.0,3775.0,MALE,real
151,Gentoo,Biscoe,46.5,13.5,210.0,4550.0,FEMALE,real
152,Adelie,Dream,41.1,17.5,190.0,3900.0,MALE,real
153,Adelie,Dream,44.1,19.7,196.0,4400.0,MALE,real
154,Gentoo,Biscoe,46.3,15.8,215.0,5050.0,MALE,real
155,Chinstrap,Dream,49.3,19.9,203.0,4050.0,MALE,real
156,Chinstrap,Dream,49.2,18.2,195.0,4400.0,MALE,real
157,Adelie,Torgersen,35.7,17.0,189.0,3350.0,FEMALE,real
158,Chinstrap,Dream,45.2,16.6,191.0,3250.0,FEMALE,real
159,Chinstrap,Dream,51.5,18.7,187.0,3250.0,MALE,real
160,Adelie,Torgersen,41.4,18.5,202.0,3875.0,MALE,real
161,Gentoo,Biscoe,53.4,15.8,219.0,5500.0,MALE,real
162,Gentoo,Biscoe,50.5,15.2,216.0,5000.0,FEMALE,real
163,Gentoo,Biscoe,47.5,15.0,218.0,4950.0,FEMALE,real
164,Chinstrap,Dream,46.4,18.6,190.0,3450.0,FEMALE,real
165,Gentoo,Biscoe,46.8,15.4,215.0,5150.0,MALE,real
166,Gentoo,Biscoe,45.5,13.7,214.0,4650.0,FEMALE,real
167,Chinstrap,Dream,46.0,18.9,195.0,4150.0,FEMALE,real
168,Gentoo,Biscoe,49.2,15.2,221.0,6300.0,MALE,real
169,Adelie,Torgersen,40.3,18.0,195.0,3250.0,FEMALE,real
170,Adelie,Torgersen,37.7,19.8,198.0,3500.0,MALE,real
171,Chinstrap,Dream,49.5,19.0,200.0,3800.0,MALE,real
172,Gentoo,Biscoe,50.4,15.3,224.0,5550.0,MALE,real
173,Adelie,Torgersen,38.8,17.6,191.0,3275.0,FEMALE,real
174,Gentoo,Biscoe,41.7,14.7,210.0,4700.0,FEMALE,real
175,Gentoo,Biscoe,51.1,16.3,220.0,6000.0,MALE,real
176,Adelie,Dream,37.5,18.5,199.0,4475.0,MALE,real
177,Adelie,Torgersen,34.6,17.2,189.0,3200.0,FEMALE,real
178,Adelie,Dream,36.4,17.0,195.0,3325.0,FEMALE,real
179,Adelie,Dream,38.9,18.8,190.0,3600.0,FEMALE,real
180,Gentoo,Biscoe,45.8,14.2,219.0,4700.0,FEMALE,real
181,Adelie,Biscoe,42.2,19.5,197.0,4275.0,MALE,real
182,Chinstrap,Dream,52.0,20.7,210.0,4800.0,MALE,real
183,Gentoo,Biscoe,49.5,16.2,229.0,5800.0,MALE,real
184,Adelie,Dream,39.7,17.9,193.0,4250.0,MALE,real
185,Chinstrap,Dream,46.9,16.6,192.0,2700.0,FEMALE,real
186,Gentoo,Biscoe,46.2,14.5,209.0,4800.0,FEMALE,real
187,Adelie,Biscoe,39.6,17.7,186.0,3500.0,FEMALE,real
188,Gentoo,Biscoe,50.8,15.7,226.0,5200.0,MALE,real
189,Adelie,Torgersen,39.7,18.4,190.0,3900.0,MALE,real
190,Gentoo,Biscoe,49.1,14.5,212.0,4625.0,FEMALE,real
191,Adelie,Dream,41.1,18.1,205.0,4300.0,MALE,real
192,Chinstrap,Dream,49.0,19.5,210.0,3950.0,MALE,real
193,Adelie,Torgersen,40.9,16.8,191.0,3700.0,FEMALE,real
194,Chinstrap,Dream,52.0,18.1,201.0,4050.0,MALE,real
195,Adelie,Torgersen,42.5,20.7,197.0,4500.0,MALE,real
196,Adelie,Dream,36.5,18.0,182.0,3150.0,FEMALE,real
197,Adelie,Dream,40.9,18.9,184.0,3900.0,MALE,real
198,Chinstrap,Dream,46.7,17.9,195.0,3300.0,FEMALE,real
199,Adelie,Dream,36.0,17.8,195.0,3450.0,FEMALE,real
200,Gentoo,Biscoe,42.8,14.2,209.0,4700.0,FEMALE,real
201,Adelie,Dream,40.2,20.1,200.0,3975.0,MALE,real
202,Gentoo,Biscoe,45.0,15.4,220.0,5050.0,MALE,real
203,Adelie,Biscoe,40.6,18.8,193.0,3800.0,MALE,real
204,Adelie,Biscoe,41.0,20.0,203.0,4725.0,MALE,real
205,Gentoo,Biscoe,49.6,16.0,225.0,5700.0,MALE,real
206,Chinstrap,Dream,42.5,16.7,187.0,3350.0,FEMALE,real
207,Chinstrap,Dream,50.2,18.8,202.0,3800.0,MALE,real
208,Adelie,Torgersen,44.1,18.0,210.0,4000.0,MALE,real
209,Adelie,Dream,41.1,19.0,182.0,3425.0,MALE,real
210,Adelie,Dream,40.8,18.9,208.0,4300.0,MALE,real
211,Gentoo,Biscoe,50.5,15.9,225.0,5400.0,MALE,real
212,Chinstrap,Dream,51.9,19.5,206.0,3950.0,MALE,real
213,Adelie,Dream,32.1,15.5,188.0,3050.0,FEMALE,real
214,Adelie,Dream,37.2,18.1,178.0,3900.0,MALE,real
215,Gentoo,Biscoe,55.1,16.0,230.0,5850.0,MALE,real
216,Adelie,Dream,36.6,18.4,184.0,3475.0,FEMALE,real
217,Gentoo,Biscoe,45.1,14.5,207.0,5050.0,FEMALE,real
218,Adelie,Torgersen,39.1,18.7,181.0,3750.0,MALE,real
219,Gentoo,Biscoe,51.3,14.2,218.0,5300.0,MALE,real
220,Gentoo,Biscoe,46.4,15.0,216.0,4700.0,FEMALE,real
221,Gentoo,Biscoe,52.2,17.1,228.0,5400.0,MALE,real
222,Adelie,Biscoe,38.6,17.2,199.0,3750.0,FEMALE,real
223,Chinstrap,Dream,50.1,17.9,190.0,3400.0,FEMALE,real
224,Gentoo,Biscoe,48.6,16.0,230.0,5800.0,MALE,real
225,Gentoo,Biscoe,47.6,14.5,215.0,5400.0,MALE,real
226,Chinstrap,Dream,50.2,18.7,198.0,3775.0,FEMALE,real
227,Adelie,Biscoe,43.2,19.0,197.0,4775.0,MALE,real
228,Chinstrap,Dream,52.0,19.0,197.0,4150.0,MALE,real
229,Adelie,Biscoe,37.9,18.6,193.0,2925.0,FEMALE,real
230,Adelie,Dream,40.8,18.4,195.0,3900.0,MALE,real
231,Gentoo,Biscoe,45.3,13.7,210.0,4300.0,FEMALE,real
232,Adelie,Biscoe,41.1,19.1,188.0,4100.0,MALE,real
233,Chinstrap,Dream,52.7,19.8,197.0,3725.0,MALE,real
234,Adelie,Biscoe,42.0,19.5,200.0,4050.0,MALE,real
235,Gentoo,Biscoe,49.1,14.8,220.0,5150.0,FEMALE,real
236,Gentoo,Biscoe,47.2,15.5,215.0,4975.0,FEMALE,real
237,Adelie,Torgersen,38.7,19.0,195.0,3450.0,FEMALE,real
238,Gentoo,Biscoe,46.8,14.3,215.0,4850.0,FEMALE,real
239,Chinstrap,Dream,42.5,17.3,187.0,3350.0,FEMALE,real
240,Gentoo,Biscoe,43.4,14.4,218.0,4600.0,FEMALE,real
241,Adelie,Dream,39.5,17.8,188.0,3300.0,FEMALE,real
242,Gentoo,Biscoe,45.2,15.8,215.0,5300.0,MALE,real
243,Gentoo,Biscoe,42.0,13.5,210.0,4150.0,FEMALE,real
244,Gentoo,Biscoe,48.7,15.1,222.0,5350.0,MALE,real
245,Adelie,Torgersen,39.3,20.6,190.0,3650.0,MALE,real
246,Adelie,Torgersen,39.0,17.1,191.0,3050.0,FEMALE,real
247,Adelie,Dream,42.2,18.5,180.0,3550.0,FEMALE,real
248,Gentoo,Biscoe,42.6,13.7,213.0,4950.0,FEMALE,real
249,Chinstrap,Dream,50.3,20.0,197.0,3300.0,MALE,real
250,Gentoo,Biscoe,49.6,15.0,216.0,4750.0,MALE,real
251,Gentoo,Biscoe,46.5,14.8,217.0,5200.0,FEMALE,real
252,Gentoo,Biscoe,50.0,15.3,220.0,5550.0,MALE,real
253,Adelie,Dream,37.3,16.8,192.0,3000.0,FEMALE,real
254,Adelie,Torgersen,35.9,16.6,190.0,3050.0,FEMALE,real
255,Gentoo,Biscoe,50.0,16.3,230.0,5700.0,MALE,real
256,Adelie,Biscoe,42.108070373535156,18.60690689086914,181.26644897460938,3843.5341796875,MALE,fake
257,Adelie,Biscoe,43.155677795410156,17.053911209106445,183.5562286376953,3065.982421875,FEMALE,fake
258,Adelie,Dream,36.274784088134766,15.095797538757324,180.1051025390625,2939.418701171875,FEMALE,fake
259,Adelie,Biscoe,39.486785888671875,17.97580337524414,194.49806213378906,3989.739990234375,FEMALE,fake
260,Adelie,Torgersen,40.44047927856445,16.62871742248535,182.3922119140625,3309.55517578125,FEMALE,fake
261,Adelie,Dream,42.55180358886719,19.007980346679688,205.94825744628906,4585.1123046875,MALE,fake
262,Gentoo,Biscoe,49.54441833496094,15.901433944702148,224.40444946289062,5790.58935546875,MALE,fake
263,Adelie,Biscoe,42.101600646972656,18.41507339477539,181.71240234375,4039.03759765625,MALE,fake
264,Adelie,Biscoe,41.93934631347656,18.381799697875977,181.54551696777344,3999.02685546875,MALE,fake
265,Adelie,Biscoe,38.645748138427734,17.119909286499023,187.9320526123047,3440.8935546875,FEMALE,fake
266,Gentoo,Biscoe,44.29536437988281,14.033401489257812,211.48226928710938,4561.34423828125,FEMALE,fake
267,Chinstrap,Dream,52.40415573120117,18.267614364624023,197.46490478515625,3896.408447265625,MALE,fake
268,Adelie,Biscoe,43.816864013671875,19.517059326171875,195.95204162597656,4240.28125,MALE,fake
269,Chinstrap,Dream,51.59218978881836,17.404834747314453,198.71359252929688,3809.91650390625,FEMALE,fake
270,Adelie,Biscoe,39.6580810546875,16.3353214263916,182.14459228515625,3161.374755859375,FEMALE,fake
271,Adelie,Biscoe,39.33979797363281,18.253644943237305,186.41049194335938,3381.265380859375,FEMALE,fake
272,Adelie,Torgersen,43.642921447753906,18.761472702026367,199.13792419433594,4638.99658203125,MALE,fake
273,Gentoo,Biscoe,48.59041213989258,15.672103881835938,221.8689422607422,5542.466796875,MALE,fake
274,Chinstrap,Dream,49.847652435302734,17.73888397216797,197.7389373779297,3860.48583984375,FEMALE,fake
275,Chinstrap,Dream,46.25273513793945,17.025100708007812,189.8624725341797,3488.013671875,FEMALE,fake
276,Adelie,Dream,40.04629898071289,18.08897590637207,189.8892822265625,3666.019287109375,FEMALE,fake
277,Chinstrap,Dream,52.049705505371094,18.690452575683594,210.47213745117188,4746.3466796875,MALE,fake
278,Chinstrap,Dream,47.9656982421875,17.16658592224121,191.1215362548828,3715.644775390625,FEMALE,fake
279,Gentoo,Biscoe,45.26922607421875,14.193573951721191,211.86334228515625,4588.966796875,FEMALE,fake
280,Adelie,Dream,36.48558044433594,15.825033187866211,178.9346923828125,3075.032470703125,FEMALE,fake
281,Gentoo,Biscoe,44.871856689453125,14.057273864746094,210.9789276123047,4556.37353515625,FEMALE,fake
282,Gentoo,Biscoe,47.92839431762695,14.769367218017578,213.30819702148438,4627.4609375,FEMALE,fake
283,Adelie,Dream,42.31075668334961,19.57638931274414,185.3709716796875,4183.94140625,MALE,fake
284,Adelie,Dream,42.71463394165039,18.651294708251953,198.32046508789062,3955.919189453125,MALE,fake
285,Gentoo,Biscoe,48.710079193115234,15.96167278289795,222.21702575683594,5611.9951171875,MALE,fake
286,Adelie,Torgersen,41.268585205078125,17.363096237182617,184.32762145996094,3680.403076171875,FEMALE,fake
287,Chinstrap,Dream,52.91717529296875,19.001569747924805,196.4876251220703,3722.442626953125,MALE,fake
288,Chinstrap,Dream,51.271484375,17.56538963317871,190.6226043701172,3873.539794921875,FEMALE,fake
289,Gentoo,Biscoe,45.02723693847656,13.758936882019043,209.7672882080078,4316.53173828125,FEMALE,fake
290,Gentoo,Biscoe,55.909820556640625,17.125978469848633,230.9954071044922,5336.84033203125,MALE,fake
291,Gentoo,Biscoe,48.600521087646484,16.448301315307617,224.69981384277344,5232.6474609375,MALE,fake
292,Gentoo,Biscoe,44.80596160888672,18.35956573486328,221.18719482421875,5385.05419921875,MALE,fake
293,Adelie,Torgersen,42.287052154541016,19.830799102783203,198.015625,4550.3193359375,MALE,fake
294,Adelie,Dream,40.762550354003906,20.34126853942871,192.14825439453125,4328.416015625,MALE,fake
295,Adelie,Biscoe,40.257320404052734,17.431713104248047,180.36415100097656,3010.010498046875,FEMALE,fake
296,Gentoo,Biscoe,49.366695404052734,15.838648796081543,224.16200256347656,5761.9599609375,MALE,fake
297,Adelie,Torgersen,39.095916748046875,18.065044403076172,188.59725952148438,3875.387451171875,FEMALE,fake
298,Gentoo,Biscoe,44.924991607666016,14.417647361755371,214.09080505371094,4776.310546875,FEMALE,fake
299,Gentoo,Biscoe,55.974082946777344,16.953643798828125,230.99339294433594,5216.50830078125,MALE,fake
300,Chinstrap,Dream,54.15428161621094,21.30548667907715,200.6251983642578,4662.072265625,MALE,fake
301,Gentoo,Biscoe,45.57710647583008,14.619646072387695,214.26608276367188,4838.8193359375,FEMALE,fake
302,Chinstrap,Dream,50.02641677856445,17.99283218383789,195.47802734375,3876.733642578125,FEMALE,fake
303,Chinstrap,Dream,52.456356048583984,18.508052825927734,204.1097869873047,4171.27392578125,MALE,fake
304,Chinstrap,Dream,51.93455123901367,18.753314971923828,194.63558959960938,3581.263671875,MALE,fake
305,Adelie,Torgersen,43.319480895996094,18.309022903442383,197.11488342285156,4207.791015625,MALE,fake
306,Adelie,Dream,38.693058013916016,17.732873916625977,189.82199096679688,3503.5869140625,FEMALE,fake
307,Adelie,Dream,38.095611572265625,18.010648727416992,191.19810485839844,3653.842529296875,FEMALE,fake
308,Adelie,Dream,37.98859405517578,17.203542709350586,196.05599975585938,3527.601318359375,FEMALE,fake
309,Gentoo,Biscoe,44.39472579956055,13.871840476989746,207.62408447265625,4378.03369140625,FEMALE,fake
310,Adelie,Torgersen,38.05831527709961,16.92066764831543,189.53004455566406,3541.34326171875,FEMALE,fake
311,Adelie,Biscoe,37.67015838623047,17.29806900024414,185.48333740234375,3718.693603515625,FEMALE,fake
312,Adelie,Dream,41.586761474609375,18.764326095581055,197.26531982421875,4657.35498046875,MALE,fake
313,Gentoo,Biscoe,49.289634704589844,16.086748123168945,223.74838256835938,5743.75537109375,MALE,fake
314,Chinstrap,Dream,44.96862030029297,17.623397827148438,189.13401794433594,3895.332275390625,FEMALE,fake
315,Adelie,Biscoe,52.163230895996094,20.763866424560547,193.3493194580078,4691.92919921875,MALE,fake
316,Adelie,Torgersen,43.446014404296875,18.365001678466797,198.0200958251953,4198.490234375,MALE,fake
317,Adelie,Dream,43.15700912475586,18.80783462524414,190.98426818847656,4234.46630859375,MALE,fake
318,Adelie,Biscoe,41.67268371582031,19.561691284179688,192.02017211914062,4264.09375,MALE,fake
319,Adelie,Torgersen,43.0045051574707,18.64028549194336,186.126708984375,3916.13037109375,MALE,fake
320,Adelie,Torgersen,45.35331726074219,18.77683448791504,199.74319458007812,4232.72216796875,MALE,fake
321,Chinstrap,Dream,52.24333953857422,17.877756118774414,199.6343536376953,4362.52587890625,MALE,fake
322,Chinstrap,Dream,53.001007080078125,19.81087875366211,209.66921997070312,4730.2802734375,MALE,fake
323,Gentoo,Biscoe,44.017826080322266,13.588091850280762,211.02359008789062,4309.29833984375,FEMALE,fake
324,Gentoo,Biscoe,48.637908935546875,15.98393726348877,221.1663360595703,5556.7626953125,MALE,fake
325,Gentoo,Biscoe,47.560462951660156,16.570125579833984,223.55776977539062,5206.64453125,MALE,fake
326,Gentoo,Biscoe,53.527530670166016,16.781461715698242,230.93263244628906,5593.01318359375,MALE,fake
327,Chinstrap,Dream,52.52705001831055,17.979820251464844,199.23309326171875,4365.486328125,MALE,fake
328,Chinstrap,Dream,52.2829475402832,17.629430770874023,199.7841033935547,3860.0400390625,FEMALE,fake
329,Gentoo,Biscoe,44.22736358642578,13.894944190979004,207.41810607910156,4383.06689453125,FEMALE,fake
330,Adelie,Biscoe,38.49894714355469,18.107200622558594,187.8561248779297,3462.806396484375,FEMALE,fake
331,Adelie,Dream,39.59510803222656,18.273902893066406,186.32691955566406,3669.650390625,FEMALE,fake
332,Chinstrap,Dream,52.74610900878906,19.11006736755371,203.08786010742188,4531.9755859375,MALE,fake
333,Adelie,Biscoe,42.843231201171875,18.651708602905273,182.07920837402344,3944.52783203125,MALE,fake
334,Gentoo,Biscoe,46.729698181152344,14.67078971862793,213.15432739257812,4737.72021484375,FEMALE,fake
335,Adelie,Biscoe,40.873233795166016,19.701427459716797,193.74444580078125,4119.08544921875,MALE,fake
336,Gentoo,Biscoe,49.505794525146484,15.96601390838623,223.92288208007812,5766.9345703125,MALE,fake
337,Adelie,Dream,42.6709098815918,18.84585952758789,190.05880737304688,4183.92236328125,MALE,fake
338,Gentoo,Biscoe,47.102874755859375,15.563178062438965,222.29061889648438,5419.84814453125,MALE,fake
339,Chinstrap,Dream,52.85956573486328,19.114688873291016,197.2959442138672,4275.5556640625,MALE,fake
340,Gentoo,Biscoe,56.76048278808594,17.160024642944336,230.99893188476562,5320.732421875,MALE,fake
341,Adelie,Dream,43.37067413330078,19.969392776489258,201.97506713867188,4382.67529296875,MALE,fake
342,Adelie,Biscoe,42.7463493347168,18.532575607299805,183.6107635498047,3799.50390625,MALE,fake
343,Gentoo,Biscoe,45.12806701660156,13.921120643615723,212.87631225585938,4476.4873046875,FEMALE,fake
344,Chinstrap,Dream,53.30434036254883,19.49861717224121,202.44020080566406,4478.947265625,MALE,fake
345,Gentoo,Biscoe,49.099308013916016,15.98197078704834,220.8870086669922,5594.111328125,MALE,fake
346,Chinstrap,Dream,45.48973083496094,16.9233455657959,188.24273681640625,3638.199462890625,FEMALE,fake
347,Adelie,Dream,37.40838623046875,17.315366744995117,195.4072723388672,3653.146728515625,FEMALE,fake
348,Gentoo,Biscoe,48.12974548339844,16.145626068115234,224.28091430664062,5468.283203125,MALE,fake
349,Gentoo,Biscoe,48.35151672363281,15.900986671447754,223.92813110351562,5475.9326171875,MALE,fake
350,Gentoo,Biscoe,49.0855827331543,14.82913589477539,215.94427490234375,4665.4091796875,FEMALE,fake
351,Gentoo,Biscoe,47.13568878173828,16.610214233398438,222.5950927734375,5223.93408203125,MALE,fake
352,Adelie,Dream,38.606407165527344,17.335664749145508,189.96766662597656,3667.520751953125,FEMALE,fake
353,Adelie,Dream,39.388221740722656,17.786508560180664,190.84934997558594,3563.00390625,FEMALE,fake
354,Adelie,Biscoe,42.36427688598633,17.99905014038086,182.20884704589844,3702.92724609375,MALE,fake
355,Chinstrap,Dream,49.55876541137695,17.603904724121094,193.22509765625,3846.431396484375,FEMALE,fake
356,Gentoo,Biscoe,45.700138092041016,14.505655288696289,212.14572143554688,4601.24853515625,FEMALE,fake
357,Gentoo,Biscoe,45.51272964477539,14.234567642211914,217.93060302734375,4718.11376953125,FEMALE,fake
358,Gentoo,Biscoe,49.62541961669922,15.3618803024292,216.0135498046875,4613.8486328125,FEMALE,fake
359,Gentoo,Biscoe,47.3269157409668,16.003257751464844,222.76197814941406,5492.80322265625,MALE,fake
360,Gentoo,Biscoe,49.10952377319336,15.945096969604492,222.81822204589844,5679.16552734375,MALE,fake
361,Chinstrap,Dream,51.24495315551758,19.138944625854492,192.1521453857422,3584.9404296875,MALE,fake
362,Gentoo,Biscoe,43.935813903808594,14.070610046386719,210.42539978027344,4544.26953125,FEMALE,fake
363,Chinstrap,Dream,53.36257553100586,18.651063919067383,200.05331420898438,3996.400390625,MALE,fake
364,Adelie,Dream,42.122066497802734,19.126176834106445,198.97769165039062,3939.404541015625,MALE,fake
365,Chinstrap,Dream,46.09206008911133,16.84288215637207,189.1852569580078,3608.8251953125,FEMALE,fake
366,Adelie,Biscoe,42.280006408691406,19.240400314331055,191.9317626953125,4036.7783203125,MALE,fake
367,Adelie,Biscoe,46.66756057739258,20.177106857299805,192.1014862060547,4363.37109375,MALE,fake
368,Chinstrap,Dream,46.911808013916016,18.018795013427734,195.55970764160156,4002.9638671875,FEMALE,fake
369,Adelie,Dream,37.206417083740234,16.272411346435547,179.03553771972656,3041.37353515625,FEMALE,fake
370,Gentoo,Biscoe,47.16023254394531,15.7615327835083,223.58485412597656,5288.75634765625,MALE,fake
371,Gentoo,Biscoe,49.556087493896484,15.69344425201416,222.46241760253906,5697.048828125,MALE,fake
372,Adelie,Torgersen,42.58140563964844,18.759504318237305,189.52085876464844,3843.79638671875,MALE,fake
373,Chinstrap,Dream,50.61910629272461,18.5572566986084,186.54580688476562,3966.477783203125,FEMALE,fake
374,Adelie,Dream,37.273006439208984,17.472509384155273,193.53656005859375,3799.9365234375,FEMALE,fake
375,Gentoo,Biscoe,49.58107376098633,16.088512420654297,223.68344116210938,5766.4736328125,MALE,fake
376,Chinstrap,Dream,52.472171783447266,18.3322696685791,199.91317749023438,4420.380859375,MALE,fake
377,Gentoo,Biscoe,47.64311599731445,14.790936470031738,215.7095489501953,4727.03857421875,FEMALE,fake
378,Adelie,Dream,37.08353805541992,17.494142532348633,192.0085906982422,3576.175537109375,FEMALE,fake
379,Chinstrap,Dream,52.71841049194336,18.48518180847168,198.47479248046875,4370.52978515625,MALE,fake
380,Adelie,Biscoe,37.144283294677734,17.37976837158203,195.2845916748047,3895.078125,FEMALE,fake
381,Adelie,Biscoe,43.94158172607422,18.340482711791992,183.635009765625,3818.446044921875,MALE,fake
382,Chinstrap,Dream,53.21255111694336,19.222549438476562,198.37428283691406,4132.4013671875,MALE,fake
383,Adelie,Torgersen,44.71889114379883,18.65387725830078,205.79403686523438,3928.414306640625,MALE,fake
384,Adelie,Torgersen,42.97234344482422,18.740827560424805,192.47494506835938,3927.9658203125,MALE,fake
385,Chinstrap,Dream,50.16787338256836,17.05805015563965,197.5173797607422,3622.5673828125,FEMALE,fake
386,Adelie,Dream,37.63771438598633,18.359920501708984,187.6210174560547,3848.282470703125,FEMALE,fake
387,Chinstrap,Dream,48.44501495361328,17.031766891479492,192.61569213867188,3554.284423828125,FEMALE,fake
388,Gentoo,Biscoe,49.256309509277344,15.942173957824707,222.10659790039062,5661.48486328125,MALE,fake
389,Chinstrap,Dream,49.11101150512695,17.57156753540039,192.48489379882812,3878.36865234375,FEMALE,fake
390,Adelie,Torgersen,42.1424560546875,18.799535751342773,189.31015014648438,4477.86669921875,MALE,fake
391,Chinstrap,Dream,52.49212646484375,19.121631622314453,194.8832550048828,3574.535888671875,MALE,fake
392,Adelie,Dream,39.242156982421875,17.83993911743164,182.05079650878906,3293.154296875,FEMALE,fake
393,Adelie,Dream,40.499996185302734,18.411256790161133,187.6367950439453,3716.498046875,FEMALE,fake
394,Gentoo,Biscoe,44.37495803833008,14.28069019317627,215.91131591796875,4723.021484375,FEMALE,fake
395,Adelie,Biscoe,38.31095504760742,17.531845092773438,190.74478149414062,3610.36328125,FEMALE,fake
396,Gentoo,Biscoe,49.677391052246094,15.804969787597656,223.62648010253906,5686.97900390625,MALE,fake
397,Adelie,Biscoe,40.97354507446289,17.396915435791016,185.93753051757812,3187.161865234375,FEMALE,fake
398,Gentoo,Biscoe,44.60713577270508,14.24874210357666,215.50772094726562,4735.169921875,FEMALE,fake
399,Gentoo,Biscoe,45.80548858642578,14.570838928222656,211.08917236328125,4666.50634765625,FEMALE,fake
400,Chinstrap,Dream,52.28813552856445,18.71413230895996,195.94046020507812,3803.74365234375,MALE,fake
401,Gentoo,Biscoe,43.18254089355469,13.311635971069336,216.3520965576172,4190.38232421875,FEMALE,fake
402,Adelie,Torgersen,39.41790771484375,18.48623275756836,187.6005401611328,3859.704345703125,FEMALE,fake
403,Gentoo,Biscoe,48.09717559814453,15.902515411376953,220.2621307373047,5450.15625,MALE,fake
404,Gentoo,Biscoe,48.46211242675781,15.714325904846191,221.60755920410156,5546.60888671875,MALE,fake
405,Gentoo,Biscoe,53.90779495239258,16.5461368560791,230.90965270996094,5469.6953125,MALE,fake
406,Adelie,Dream,39.66836929321289,18.76396369934082,188.13180541992188,3736.427978515625,FEMALE,fake
407,Gentoo,Biscoe,46.19396209716797,14.22793960571289,212.17684936523438,4547.232421875,FEMALE,fake
408,Adelie,Dream,40.03923034667969,19.126853942871094,187.1483917236328,3607.740234375,FEMALE,fake
409,Adelie,Torgersen,39.10887145996094,16.948015213012695,186.9610595703125,3471.195068359375,FEMALE,fake
410,Gentoo,Biscoe,49.09238815307617,15.93043041229248,223.64622497558594,5452.10595703125,MALE,fake
411,Gentoo,Biscoe,45.37846755981445,14.518172264099121,213.43812561035156,4785.03173828125,FEMALE,fake
412,Gentoo,Biscoe,49.367374420166016,15.955967903137207,222.87022399902344,5706.46435546875,MALE,fake
413,Adelie,Torgersen,41.053749084472656,18.03232192993164,186.84793090820312,3726.154052734375,FEMALE,fake
414,Gentoo,Biscoe,51.4661750793457,16.354148864746094,229.92543029785156,5636.49609375,MALE,fake
415,Gentoo,Biscoe,43.38383102416992,13.535249710083008,212.44769287109375,4268.81396484375,FEMALE,fake
416,Gentoo,Biscoe,52.77425003051758,16.556793212890625,230.79759216308594,5411.85888671875,MALE,fake
417,Gentoo,Biscoe,49.13017654418945,15.851174354553223,221.1321258544922,5602.6845703125,MALE,fake
418,Chinstrap,Dream,51.426666259765625,17.91529655456543,196.07151794433594,3851.734619140625,FEMALE,fake
419,Adelie,Dream,41.87886047363281,19.04258918762207,185.8164825439453,4387.01953125,MALE,fake
420,Gentoo,Biscoe,54.84843444824219,16.84261131286621,230.9753875732422,5263.14306640625,MALE,fake
421,Adelie,Dream,36.857608795166016,16.766124725341797,192.7434844970703,3355.230712890625,FEMALE,fake
422,Gentoo,Biscoe,48.76232147216797,15.786138534545898,223.29608154296875,5194.3271484375,MALE,fake
423,Adelie,Biscoe,42.7148551940918,18.4067325592041,182.20004272460938,3856.556396484375,MALE,fake
424,Gentoo,Biscoe,45.74633026123047,14.565103530883789,210.79295349121094,4671.3310546875,FEMALE,fake
425,Gentoo,Biscoe,45.02078628540039,14.495450019836426,214.5702667236328,4814.3486328125,FEMALE,fake
426,Adelie,Torgersen,40.99806213378906,19.82724380493164,198.365478515625,4191.27978515625,MALE,fake
427,Chinstrap,Dream,54.25018310546875,20.66158676147461,206.1715087890625,4577.4130859375,MALE,fake
428,Gentoo,Biscoe,48.445186614990234,15.896905899047852,224.03289794921875,5315.8349609375,MALE,fake
429,Chinstrap,Dream,49.949520111083984,18.893970489501953,173.46014404296875,3913.800537109375,FEMALE,fake
430,Gentoo,Biscoe,48.57694625854492,16.036216735839844,223.1754913330078,5587.8505859375,MALE,fake
431,Adelie,Biscoe,39.64006423950195,16.960262298583984,186.71652221679688,3145.20263671875,FEMALE,fake
432,Adelie,Dream,43.141597747802734,19.069059371948242,203.2262420654297,4166.4169921875,MALE,fake
433,Adelie,Biscoe,42.854122161865234,18.082014083862305,183.11705017089844,4133.8369140625,MALE,fake
434,Gentoo,Biscoe,47.707550048828125,15.666720390319824,220.72711181640625,5116.5390625,MALE,fake
435,Gentoo,Biscoe,55.38010025024414,17.011301040649414,230.99046325683594,5331.63232421875,MALE,fake
436,Chinstrap,Dream,52.41986846923828,19.430362701416016,196.6391143798828,4143.3681640625,MALE,fake
437,Adelie,Torgersen,42.083770751953125,20.348718643188477,192.66482543945312,5031.88330078125,MALE,fake
438,Adelie,Torgersen,41.62592697143555,17.347618103027344,182.26100158691406,3621.294677734375,FEMALE,fake
439,Gentoo,Biscoe,45.597755432128906,14.434335708618164,212.9217071533203,4711.60400390625,FEMALE,fake
440,Adelie,Dream,37.29899978637695,17.835912704467773,190.2833709716797,3543.11279296875,FEMALE,fake
441,Adelie,Torgersen,41.66746139526367,17.570863723754883,186.01670837402344,3662.9189453125,FEMALE,fake
442,Gentoo,Biscoe,45.8014030456543,14.289569854736328,211.80767822265625,4546.01171875,FEMALE,fake
443,Adelie,Dream,39.604000091552734,18.619211196899414,188.46597290039062,3524.267822265625,FEMALE,fake
444,Adelie,Dream,41.931819915771484,18.95285415649414,194.94940185546875,3979.009765625,MALE,fake
445,Chinstrap,Dream,48.11553192138672,17.891826629638672,190.2290802001953,3909.763916015625,FEMALE,fake
446,Gentoo,Biscoe,48.54692840576172,14.842209815979004,214.66758728027344,4579.81005859375,FEMALE,fake
447,Gentoo,Biscoe,45.079689025878906,13.648754119873047,211.55661010742188,4268.38134765625,FEMALE,fake
448,Adelie,Dream,45.51903533935547,19.98300552368164,198.8544921875,4555.314453125,MALE,fake
449,Adelie,Torgersen,43.58662796020508,18.82778549194336,202.22265625,4000.26806640625,MALE,fake
450,Chinstrap,Dream,49.15290832519531,17.571420669555664,193.6713104248047,3802.3955078125,FEMALE,fake
451,Gentoo,Biscoe,45.67616271972656,14.472493171691895,212.15377807617188,4679.453125,FEMALE,fake
452,Adelie,Torgersen,41.37803268432617,19.183242797851562,190.3929443359375,3917.0732421875,FEMALE,fake
453,Adelie,Torgersen,36.188716888427734,17.063777923583984,188.31663513183594,3868.5205078125,FEMALE,fake
454,Adelie,Torgersen,36.55790710449219,17.02939224243164,191.00953674316406,3572.613037109375,FEMALE,fake
455,Adelie,Biscoe,42.49116134643555,18.407930374145508,182.13592529296875,4031.326171875,MALE,fake
456,Gentoo,Biscoe,44.104454040527344,13.73373794555664,209.2764129638672,4342.91845703125,FEMALE,fake
457,Adelie,Biscoe,40.160362243652344,17.796606063842773,184.0256805419922,3128.940673828125,FEMALE,fake
458,Adelie,Torgersen,40.3702507019043,19.793874740600586,195.03970336914062,4059.7529296875,MALE,fake
459,Gentoo,Biscoe,51.272403717041016,16.29741668701172,229.8687744140625,5455.4228515625,MALE,fake
460,Adelie,Dream,43.42424011230469,19.149599075317383,195.54066467285156,4714.14453125,MALE,fake
461,Chinstrap,Dream,53.07963562011719,18.70535659790039,198.2426300048828,4041.56982421875,MALE,fake
462,Gentoo,Biscoe,46.24250411987305,14.539436340332031,212.0224609375,4682.7333984375,FEMALE,fake
463,Adelie,Torgersen,37.35966110229492,17.026254653930664,191.2860870361328,3640.75244140625,FEMALE,fake
464,Chinstrap,Dream,49.860130310058594,18.38762092590332,199.18748474121094,4003.2333984375,FEMALE,fake
465,Chinstrap,Dream,52.928775787353516,19.71144676208496,194.19801330566406,3601.4990234375,MALE,fake
466,Adelie,Torgersen,44.1806755065918,18.242816925048828,203.92813110351562,3866.506103515625,MALE,fake
467,Gentoo,Biscoe,46.45965576171875,15.386271476745605,220.5712890625,5209.27490234375,MALE,fake
468,Adelie,Biscoe,37.598636627197266,17.53769302368164,193.03024291992188,3840.828369140625,FEMALE,fake
469,Adelie,Biscoe,43.51610565185547,18.507118225097656,188.40126037597656,4298.2294921875,MALE,fake
470,Gentoo,Biscoe,49.019283294677734,16.062437057495117,223.1706085205078,5333.79443359375,MALE,fake
471,Gentoo,Biscoe,47.82217788696289,14.595197677612305,214.23941040039062,4568.14453125,FEMALE,fake
472,Adelie,Dream,43.03166580200195,19.225818634033203,183.22035217285156,3927.02099609375,MALE,fake
473,Gentoo,Biscoe,44.9384765625,13.664644241333008,209.88177490234375,4328.765625,FEMALE,fake
474,Adelie,Torgersen,45.80812454223633,18.95362663269043,200.9261932373047,4417.9013671875,MALE,fake
475,Gentoo,Biscoe,48.96277618408203,15.982857704162598,223.8438720703125,5715.3876953125,MALE,fake
476,Chinstrap,Dream,53.216026306152344,19.919475555419922,205.44317626953125,4619.6640625,MALE,fake
477,Chinstrap,Dream,54.120567321777344,20.868764877319336,205.2700958251953,4615.03955078125,MALE,fake
478,Adelie,Torgersen,39.761959075927734,16.9467830657959,187.31594848632812,3358.71728515625,FEMALE,fake
479,Gentoo,Biscoe,49.5916633605957,16.033735275268555,222.2350616455078,5702.89111328125,MALE,fake
480,Gentoo,Biscoe,44.29358673095703,14.008983612060547,210.35400390625,4517.56689453125,FEMALE,fake
481,Adelie,Torgersen,42.235145568847656,18.858463287353516,193.44935607910156,3915.4697265625,MALE,fake
482,Chinstrap,Dream,42.973358154296875,17.11836051940918,183.86216735839844,3483.237548828125,FEMALE,fake
483,Gentoo,Biscoe,43.65153503417969,13.651049613952637,210.5067596435547,4315.92919921875,FEMALE,fake
484,Gentoo,Biscoe,48.850528717041016,15.972634315490723,220.82997131347656,5564.466796875,MALE,fake
485,Adelie,Dream,37.17121887207031,17.626012802124023,198.62596130371094,3720.323486328125,FEMALE,fake
486,Gentoo,Biscoe,46.46297836303711,14.585345268249512,213.16856384277344,4711.390625,FEMALE,fake
487,Chinstrap,Dream,52.44873809814453,18.602142333984375,196.1627655029297,3593.479248046875,MALE,fake
488,Chinstrap,Dream,52.612213134765625,18.238994598388672,198.11744689941406,3952.90576171875,MALE,fake
489,Gentoo,Biscoe,46.53551483154297,14.44457721710205,212.70077514648438,4623.12841796875,FEMALE,fake
490,Adelie,Torgersen,45.691436767578125,19.373802185058594,183.81040954589844,3839.219970703125,FEMALE,fake
491,Adelie,Torgersen,44.256229400634766,18.255311965942383,200.1807403564453,4436.76318359375,MALE,fake
492,Adelie,Biscoe,44.18464660644531,17.958721160888672,184.5202178955078,3815.7724609375,MALE,fake
493,Gentoo,Biscoe,45.76435470581055,14.500181198120117,211.9611358642578,4706.1103515625,FEMALE,fake
494,Adelie,Torgersen,41.59762191772461,18.797195434570312,186.34271240234375,4140.7197265625,MALE,fake
495,Gentoo,Biscoe,48.86808395385742,16.070920944213867,223.5161895751953,5693.6328125,MALE,fake
496,Chinstrap,Dream,52.61623001098633,19.178117752075195,195.39822387695312,3770.028076171875,MALE,fake
497,Adelie,Torgersen,42.45883560180664,17.26321029663086,183.47740173339844,3457.385498046875,FEMALE,fake
498,Adelie,Biscoe,40.812801361083984,17.285633087158203,187.97979736328125,3152.9345703125,FEMALE,fake
499,Gentoo,Biscoe,50.00405502319336,15.100478172302246,215.5208282470703,4445.4755859375,FEMALE,fake
500,Adelie,Dream,37.563934326171875,17.267627716064453,191.4380340576172,3574.46728515625,FEMALE,fake
501,Chinstrap,Dream,51.207515716552734,17.80132484436035,192.54258728027344,3884.57080078125,FEMALE,fake
502,Adelie,Biscoe,39.43360900878906,18.252700805664062,187.24298095703125,3260.264892578125,FEMALE,fake
503,Adelie,Dream,43.590797424316406,18.936382293701172,184.9488067626953,3544.649169921875,MALE,fake
504,Adelie,Biscoe,38.30065155029297,16.868024826049805,179.18487548828125,3378.000732421875,FEMALE,fake
505,Adelie,Dream,37.67798614501953,17.11153221130371,189.89065551757812,3417.279052734375,FEMALE,fake
506,Gentoo,Biscoe,43.49981689453125,13.646932601928711,210.444091796875,4320.9775390625,FEMALE,fake
507,Gentoo,Biscoe,43.93675231933594,13.374032974243164,215.4816131591797,4197.50634765625,FEMALE,fake
508,Chinstrap,Dream,52.733036041259766,19.886459350585938,210.28823852539062,4791.287109375,MALE,fake
509,Adelie,Dream,41.3896484375,19.16330337524414,187.98829650878906,3665.1025390625,FEMALE,fake
510,Adelie,Torgersen,40.481998443603516,20.001712799072266,194.48329162597656,4333.1904296875,MALE,fake
511,Gentoo,Biscoe,51.821571350097656,16.282678604125977,230.12197875976562,5636.79296875,MALE,fake
